provider_name,address,phone_number,medical_specialty,profession_title
"Dr. John Bush, MD","2983 Evans Pine Suite 039 South Marissahaven, TN 56005",531.272.7724,Plastic Surgery,Plastic Surgeon
"Dr. Colton Jackson, MD",Unit 4282 Box 4788 DPO AA 64038,(999)458-2196,Radiology,Radiologist
"Dr. Douglas Hoffman, JD","53162 Lauren Freeway Suite 833 Hillshire, NM 28210",603.315.0838x155,Anesthesiology,Anesthesiologist
"Dr. Bradley Kim, MD","00830 Sarah Centers South Gregorymouth, UT 48856",001-395-958-5966x557,Orthopedic Surgery,Orthopedic Surgeon
"Dr. Matthew Brown, MD",USNS Hernandez FPO AP 53211,929-943-0593x056,Plastic Surgery,Plastic Surgeon
"Dr. Michael Carey, MD","6113 Fletcher Courts Suite 896 East Evan, MN 95986",001-947-900-4789x2052,Anesthesiology,Anesthesiologist
"Dr. Brandy Smith, MD","3676 Matthew Ville Christinastad, MD 62522",001-461-437-4440x502,Plastic Surgery,Plastic Surgeon
"Dr. Kristen Brown, MD","26498 Diaz Valley South Charlesmouth, PR 97028",710-448-5921,Radiology,Radiologist
"Dr. William Carr, JD","634 Wright Overpass Suite 870 Jacobside, NJ 09927",817.903.6723x165,Gastroenterology,Gastroenterologist
"Dr. Jeff Lewis, MD",USCGC Villa FPO AE 86083,+1-944-331-5228x674,Radiology,Radiologist
"Dr. Julie Carter, MD","358 Morrison Pines Suite 686 Weavermouth, KY 58164",(598)708-5431x100,Emergency Medicine,Emergency Physician
"Dr. Jacob Hall, MD","497 Brown Crossing North Christopher, OR 22019",(223)920-2833x566,Cardiology,Cardiologist
"Dr. Timothy Hill, JD","661 Strickland Cliff Apt. 464 Port Franciscoview, IN 31537",8467785364,Anesthesiology,Anesthesiologist
"Dr. Gabriel Alvarez, MD","7202 Collins Course East Kimberlymouth, AL 64787",978-867-6574x558,Psychiatry,Psychiatrist
"Dr. Erin Bailey, JD","069 Butler Highway Apt. 174 East Cheryl, TX 00988",(276)399-1623,Oncology,Oncologist
"Dr. Scott Reid, JD","3407 Emily Village Suite 659 West Johnshire, OR 23472",6376519316,Anesthesiology,Anesthesiologist
"Dr. Jesse Williams, JD","283 Tonya Roads Apt. 140 Parkerburgh, NY 58695",394.827.3490,Psychiatry,Psychiatrist
"Dr. Michelle Hill, MD","814 Wright Via Apt. 481 Ryanside, FM 30597",763-498-3866,Emergency Medicine,Emergency Physician
"Dr. Maxwell Delgado, MD","PSC 2332, Box 3230 APO AE 65386",001-660-878-4073x948,Psychiatry,Psychiatrist
"Dr. Christina Contreras, JD","98502 Heather Coves Suite 853 Leachton, DE 29594",610-941-2009x1966,Emergency Medicine,Emergency Physician
"Dr. Patrick Fox, MD","66995 Jessica Keys Suite 596 Lake Alicia, TX 90023",001-663-937-0296,Anesthesiology,Anesthesiologist
"Dr. Kevin Gomez, MD","9590 Gabriel Vista Suite 220 New Amanda, MP 73868",7289159163,Anesthesiology,Anesthesiologist
"Dr. Samuel Black, MD","537 Thompson Lake Hoodmouth, UT 32895",(672)484-5724,Anesthesiology,Anesthesiologist
"Dr. Holly Baker, JD","10138 Joseph Viaduct Port Robertland, NV 10880",+1-554-850-8575x4792,Oncology,Oncologist
"Dr. Erica Larson, JD","72870 Marcus Park West Emily, AK 71224",543.443.5079x2003,Orthopedic Surgery,Orthopedic Surgeon
"Dr. Stephanie Miller, JD","8021 Fields Inlet Suite 508 Stricklandview, SC 78199",(482)964-7178x759,Emergency Medicine,Emergency Physician
"Dr. Courtney Riley, JD","2073 Rios Gateway South Stephanie, PR 83921",001-662-711-1187x90213,Oncology,Oncologist
"Dr. Zachary Patterson, MD","805 Howell Estates Apt. 524 Powerschester, MN 87799",(658)376-9185,Orthopedic Surgery,Orthopedic Surgeon
"Dr. Megan Suarez, JD","340 Harris Inlet Lake Paulaton, LA 92850",001-496-949-8604x2454,Cardiology,Cardiologist
"Dr. Jennifer Jackson, MD","80255 Andrew Flats New Ericview, MA 97998",+1-560-335-3551x2400,Gastroenterology,Gastroenterologist
"Dr. Rachel Baker, JD","PSC 2244, Box 8234 APO AE 21888",748.971.4077x9504,Oncology,Oncologist
"Dr. Julia Davis, MD","48938 Stacy Village Suite 533 Jonesland, WA 63362",766.737.1005,Plastic Surgery,Plastic Surgeon
"Dr. Danielle Young, MD","51580 Jones Squares Port Oscar, DC 50652",9413796701,Plastic Surgery,Plastic Surgeon
"Dr. Mary Brown, JD","8080 Gregory Crest Alexanderstad, MA 90141",+1-749-530-0797x6433,Dermatology,Dermatologist
"Dr. Holly Humphrey, JD","28982 Stephanie Pine Smithhaven, FM 05500",781.202.6801x0342,Orthopedic Surgery,Orthopedic Surgeon
"Dr. Joel Reilly, JD","80364 Williams Cliff Port Christianville, WY 49199",2102042566,Gastroenterology,Gastroenterologist
"Dr. Karen Guerrero, MD","702 Arellano Place Santiagoberg, MP 24016",(238)575-9778x83167,Radiology,Radiologist
"Dr. Anthony Garrison, MD","7717 Price Hill Lake Lisaport, MI 88792",262-358-1880,Orthopedic Surgery,Orthopedic Surgeon
"Dr. Jordan Miller, MD","173 Jones Manors Suite 562 Katherineville, MH 85423",4879515636,Plastic Surgery,Plastic Surgeon
"Dr. Adrian Simmons, MD","37282 King Field Powersville, CA 83745",601-327-0236x298,Gastroenterology,Gastroenterologist
"Dr. Mark Smith, JD","8770 Christopher Locks Loriton, AZ 76829",310.468.1715x82045,Plastic Surgery,Plastic Surgeon
"Dr. Greg Moyer, MD",Unit 4126 Box 3343 DPO AA 63945,001-716-710-5612x4476,Dermatology,Dermatologist
"Dr. Kenneth Russell, MD","51851 Brown Knoll Suite 549 Matthewmouth, AR 99402",001-706-251-5041,Dermatology,Dermatologist
"Dr. Audrey Roberts, JD","71075 Logan Track Johnsonmouth, AK 72018",426.607.2599x5952,Orthopedic Surgery,Orthopedic Surgeon
"Dr. James Villa, JD","678 Perry Shore North Richard, PW 03142",001-516-536-2734x0444,Psychiatry,Psychiatrist
"Dr. Ronald Griffin, MD","6569 Obrien Islands North Nicholas, KS 62154",(975)514-8336x606,Gastroenterology,Gastroenterologist
"Dr. Haley Long, JD","0478 April Branch Suite 539 Alexanderton, WV 17826",690.910.8058,Cardiology,Cardiologist
"Dr. Jason Webb, MD","97476 John Spring Apt. 859 South Ericabury, GA 77187",(902)936-6211x6329,Radiology,Radiologist
"Dr. Brandon Cruz, MD","5932 Scott Plain New Christianberg, ID 40916",(440)261-0574,Emergency Medicine,Emergency Physician
"Dr. Michael Barajas, JD","84678 Obrien Ports Charlesborough, NJ 08873",3134116853,Emergency Medicine,Emergency Physician
"Dr. Jesse Crawford, MD","346 Amy View Bellborough, IL 37507",406.758.4335,Psychiatry,Psychiatrist
"Dr. Evelyn Kaiser, JD","81229 Brown Viaduct Jacquelineberg, NJ 83414",759.829.5181x34238,Dermatology,Dermatologist
"Dr. Robert Smith, MD","3944 Kristen Stravenue Terrellstad, WA 26596",209-503-4863x12768,Cardiology,Cardiologist
"Dr. Willie Griffin, MD","14800 Perkins Flat Suite 921 Ralphfort, PR 67641",782-812-5648x27908,Dermatology,Dermatologist
"Dr. Nathan Gould, MD","55536 Sarah Summit Apt. 789 West Saraborough, IL 05968",(667)345-0687x02190,Emergency Medicine,Emergency Physician
"Dr. Antonio Singleton, JD","025 Snow Junction Apt. 552 Benjaminburgh, WV 18463",+1-912-987-8646x307,Dermatology,Dermatologist
"Dr. Connie Terry, MD","596 Emily Highway Danielland, NY 31827",(265)958-1931x7445,Radiology,Radiologist
"Dr. Jodi Douglas, MD","PSC 4149, Box 2833 APO AP 41192",5916203816,Psychiatry,Psychiatrist
"Dr. Stephanie Lyons, MD","3490 Smith Well Apt. 044 South Davidchester, NJ 55633",583-422-0009,Plastic Surgery,Plastic Surgeon
"Dr. Nicholas Cook, MD","3605 Gross Ports Williamstad, WI 57266",483-295-4637x3863,Gastroenterology,Gastroenterologist
"Dr. Eric Patton, JD","79977 Krystal Coves Apt. 218 Robertmouth, IL 63404",(888)879-9715x236,Cardiology,Cardiologist
"Dr. Keith Roberts, MD","85700 Tara Ridges North Troyport, ME 66331",(918)663-4116x773,Plastic Surgery,Plastic Surgeon
"Dr. Craig Romero, JD","6672 Thompson Spring Apt. 447 Paulton, MS 52083",227-491-5778x412,Gastroenterology,Gastroenterologist
"Dr. Christopher Solis, MD","5814 Tracy Grove Suite 999 Morenofurt, NE 67786",+1-975-672-6766x437,Dermatology,Dermatologist
"Dr. Rhonda Thompson, MD","48741 Reed Haven Zacharyton, NY 18783",001-395-625-6146,Cardiology,Cardiologist
"Dr. Kevin Singh, MD","9296 James Fork Lake Josephshire, VA 90964",(555)412-1971,Cardiology,Cardiologist
"Dr. Travis Casey, MD","7525 Katie Fort Apt. 621 Wolfeside, TN 54894",7318402231,Cardiology,Cardiologist
"Dr. Andres Decker, MD","7679 Moore Lakes Suite 419 Pricechester, MS 25442",001-680-757-9373x60031,Plastic Surgery,Plastic Surgeon
"Dr. Patricia Cross, JD","68932 Powell Expressway Meganside, MO 27354",4859463404,Psychiatry,Psychiatrist
"Dr. Frances Kennedy, JD","501 Karen Mountains Suite 643 Johnborough, WA 27654",001-217-868-0138x609,Plastic Surgery,Plastic Surgeon
"Dr. Melanie Ray, JD","0786 Oneill Ports Apt. 817 Port Peter, IA 70628",001-272-384-0354x061,Dermatology,Dermatologist
"Dr. Danielle Anderson, MD","464 Stephen Valleys Apt. 093 Andrewhaven, MO 77400",415-976-2668x5175,Gastroenterology,Gastroenterologist
"Dr. Leslie Roberts, MD","PSC 1290, Box 6587 APO AE 28500",525.938.1964x7885,Dermatology,Dermatologist
"Dr. Michele Ramos, MD","822 Smith Drive Apt. 278 Josephshire, CA 77049",+1-644-739-5729x84070,Radiology,Radiologist
"Dr. Kelsey Lyons, MD","76496 Chelsea Mission Suite 222 Michaelburgh, DC 78901",001-261-835-8328x24945,Cardiology,Cardiologist
"Dr. Frank Salazar, JD","50935 Michael Shore East Jimmy, VA 01130",742.292.4071x1235,Anesthesiology,Anesthesiologist
"Dr. Amanda Torres, MD","5108 Velazquez Greens Apt. 627 Nicolemouth, WA 87305",9693076025,Gastroenterology,Gastroenterologist
"Dr. Connor Santos, JD","7511 Manuel Isle South Deborah, VI 16703",9775321328,Dermatology,Dermatologist
"Dr. Tracy Gonzalez, JD","1413 Meadows Ridge North Sheila, SC 18580",(443)988-5855,Psychiatry,Psychiatrist
"Dr. Christopher Hayes, MD","8336 Lewis Junction Apt. 092 South William, RI 12815",713.760.3865,Psychiatry,Psychiatrist
"Dr. Jose Christensen, JD","PSC 8712, Box 2137 APO AP 00743",+1-814-320-7379x027,Cardiology,Cardiologist
"Dr. Oscar Price, JD","0354 Jared Curve Angelaport, MD 22446",(426)414-1427x80641,Anesthesiology,Anesthesiologist
"Dr. Meghan Becker, JD","313 John Center Apt. 727 North Michaelstad, SC 07350",287.685.5056,Orthopedic Surgery,Orthopedic Surgeon
"Dr. Michael Boone, JD",USNV Potts FPO AE 35827,001-203-468-0685x3509,Psychiatry,Psychiatrist
"Dr. Janice Campbell, MD",Unit 7829 Box 3130 DPO AA 58444,254.557.8972x19277,Oncology,Oncologist
"Dr. Laura Norman, JD",USS Murray FPO AA 92883,238.806.4247,Oncology,Oncologist
"Dr. Erica Baker, MD","68738 Cathy Pines Suite 969 Nelsonmouth, ME 88206",2315521703,Radiology,Radiologist
"Dr. Alicia Wilson, JD","036 Mann Forge South Johnfurt, AL 45705",690-204-0551,Anesthesiology,Anesthesiologist
"Dr. Caitlin Gallegos, MD","771 John Ways New Wendy, SC 36617",648-504-7102x37848,Oncology,Oncologist
"Dr. Ronald Mcintyre, MD","788 Emma Fork Lake Maria, LA 96103",(786)768-9192,Plastic Surgery,Plastic Surgeon
"Dr. Bryan Hubbard, MD","98906 Taylor Street Steeleton, NC 07420",6482868788,Plastic Surgery,Plastic Surgeon
"Dr. Jill Pena, JD","0095 Jones Hills Brownmouth, RI 19171",278-295-6757,Dermatology,Dermatologist
"Dr. Alexander Williams, JD","074 Nancy Station Suite 799 Morenoview, VI 34142",(278)520-7508x358,Plastic Surgery,Plastic Surgeon
"Dr. Annette Olson, MD","374 Lisa Roads Apt. 124 Port Ryan, PR 49289",5363530353,Gastroenterology,Gastroenterologist
"Dr. David Scott, JD","314 Estes Isle Evanstown, AK 21141",460-300-6273x1045,Emergency Medicine,Emergency Physician
"Dr. Thomas Smith, MD","3204 James Pine West Michaelfort, MH 83945",(927)623-1524x5352,Cardiology,Cardiologist
"Dr. Adam Smith, JD","99773 Gibson Lodge South Jamesburgh, VA 61460",(672)894-0712,Dermatology,Dermatologist
"Dr. Cindy King, JD","1386 Gomez Causeway Apt. 442 Michelleside, AL 50774",644-304-4778x41315,Emergency Medicine,Emergency Physician
"Dr. Jennifer Baxter, MD","96633 Ronald Crossing Apt. 692 Mendezburgh, FM 11029",001-445-952-7922x553,Emergency Medicine,Emergency Physician
"Dr. Brandon Davila, JD",USS Melendez FPO AE 58997,(530)766-8918,Dermatology,Dermatologist
